Item,Quantity,Cost,Link
Freenove ESP32-S3-WROOM CAM (N8R8 USB-C),1,19.95,https://a.co/d/05nr03tF
GY-87 10-DOF IMU module,1,13.98,https://a.co/d/0evNC5np
PAJ7620U2 gesture recognition sensor module,1,10.49,https://a.co/d/0guiQUuV
HC-SR04P (3.3 V-capable) ultrasonic distance sensor 5-pack,1,5.99,https://a.co/d/06Udz26W
HiLetgo PCA9685 16-channel 12-bit PWM/Servo driver board,1,13.99,https://a.co/d/0iVQweyX
DSSERVO DS3225MG 25 kg-cm 180-degree metal-gear digital servo 4-pack,3,54.98,https://a.co/d/0hHIrBWt
DS3235 35 kg-cm coreless 180-degree digital servo 2-pack,0,30.69,https://a.co/d/027v6bOo
300 W 20 A adjustable buck converter module,1,9.90,https://a.co/d/0bQUYJnL
XL4015 5 A buck converter module with LED voltmeter,1,12.99,https://a.co/d/0e8PGeMC
2S 7.4 V 5200 mAh hard-case LiPo XT60 2-pack,1,16.99,https://a.co/d/0igi7Jwp
Inline ATC blade fuse holder 12 AWG,1,6.98,https://a.co/d/01nNmfXO
XT60 inline rocker main power switch 30 A,1,17.99,https://a.co/d/0cqr6yiG
1/4 W through-hole resistor kit,1,9.95,https://www.amazon.com/dp/B008MH97I4
MAX98357A I2S class-D amplifier breakout,1,6.88,https://a.co/d/0bTKkGus
3 W 4-ohm 40 mm speaker 2-pack,1,8.99,https://a.co/d/0e7x7qMr
SSD1306 0.96 inch 128x64 I2C OLED display module,1,9.99,https://a.co/d/0edxMXPg
16 mm momentary metal push button with 5 V LED ring,1,7.49,https://a.co/d/0ga2wm9x
Servo extension cable 300 mm,1,7.99,https://a.co/d/07IDUnZi
14 AWG silicone wire 20 ft red + 20 ft black,1,9.88,https://a.co/d/0hDzrqEY
22 AWG silicone wire kit 6 colors,1,16.95,https://a.co/d/0he00ZIX
Amass XT60H connector pairs 10 pairs,1,9.99,https://a.co/d/00SHROxq
Heat shrink tubing assortment,1,7.99,https://a.co/d/0dZggJAK
625ZZ deep groove ball bearings 10-pack,2,7.89,https://a.co/d/0dtdLn0u
M2 x 8 mm socket head cap screws 100-pack,1,7.99,https://a.co/d/00GUEqO6
M3 x 8 mm socket head cap screws 100-pack,1,6.86,https://a.co/d/08k9iUNP
M3 x 20 mm socket head cap screws 100-pack,1,6.99,https://a.co/d/05J76axt
M2 x 0.4 mm hex nuts 100-pack,1,7.99,https://a.co/d/09dHX57F
M3 x 0.5 mm nylon insert lock nuts 120-pack,2,5.69,https://a.co/d/06KlZL9m
ISDT PD60S 60 W balance charger XT60,1,17.98,https://a.co/d/0cJyZKtr
LiPo low-voltage checker/alarm 1S-8S,1,5.99,https://a.co/d/0ifVDRqW
LiPo fireproof charging/storage bag 2-pack,1,14.39,https://a.co/d/03SlpZyW
TOTAL,,,485.64
